stats,TOTAL,TRAIN,EVAL,TEST,ACHIEVEMENT,BENEVOLENCE,CONFORMITY,HEDONISM,POWER,SECURITY,SELF-DIRECTION,STIMULATION,TRADITION,UNIVERSALISM
Percent of Promote,3870,0.18128509045539612,0.17966313162819714,0.1814780168381665,192,888,91,819,438,637,108,305,98,294
Percent of Reduce,10677,0.4973799126637555,0.5112289457267624,0.49812909260991584,342,4525,1461,458,251,1653,72,588,671,656
Percent of Unrelated,6827,0.32133499688084843,0.30910792264504056,0.32039289055191766,320,2254,332,883,189,1401,145,388,532,383
Total,21374,16030.0,3206.0,2138.0,854,7667,1884,2160,878,3691,325,1281,1301,1333
